{"cameraMode":{"drawMode":0,"name":"Shaded","section":"Shading Mode"},"sceneLighting":true,"audioPlay":false,"sceneViewState":{"showFog":false,"showMaterialUpdate":false,"showSkybox":false,"showFlares":false,"showImageEffects":false,"showParticleSystems":false},"in2DMode":false,"pivot":{"x":-0.08874738216400147,"y":0.03564453125,"z":0.036956787109375},"rotation":{"x":0.3811429738998413,"y":0.17180481553077699,"z":-0.07231385260820389,"w":0.9055294990539551},"size":0.657839834690094,"orthographic":true}