{"cameraMode":{"drawMode":0,"name":"Shaded","section":"Shading Mode"},"sceneLighting":true,"audioPlay":false,"sceneViewState":{"showFog":true,"showMaterialUpdate":false,"showSkybox":true,"showFlares":true,"showImageEffects":true,"showParticleSystems":true},"in2DMode":false,"pivot":{"x":0.041101306676864627,"y":-0.037605226039886478,"z":-0.10020866990089417},"rotation":{"x":0.3884282410144806,"y":0.23365412652492524,"z":-0.10249922424554825,"w":0.8854536414146423},"size":0.7533396482467651,"orthographic":false}