{"cameraMode":{"drawMode":0,"name":"Shaded","section":"Shading Mode"},"sceneLighting":true,"audioPlay":false,"sceneViewState":{"showFog":true,"showMaterialUpdate":false,"showSkybox":true,"showFlares":true,"showImageEffects":true,"showParticleSystems":true},"in2DMode":false,"pivot":{"x":-0.03839111328125,"y":0.0546875,"z":-0.02227783203125},"rotation":{"x":0.42828869819641116,"y":-0.20430688560009004,"z":0.10005468875169754,"w":0.8745402693748474},"size":0.3047345280647278,"orthographic":true}