{"cameraMode":{"drawMode":0,"name":"Shaded","section":"Shading Mode"},"sceneLighting":true,"audioPlay":false,"sceneViewState":{"showFog":true,"showMaterialUpdate":false,"showSkybox":true,"showFlares":true,"showImageEffects":true,"showParticleSystems":true},"in2DMode":false,"pivot":{"x":0.4441371262073517,"y":0.0260009765625,"z":0.0274505615234375},"rotation":{"x":0.6209054589271545,"y":-0.0011758269974961877,"z":0.0009313589544035494,"w":0.7838839888572693},"size":0.16232924163341523,"orthographic":true}