{"cameraMode":{"drawMode":0,"name":"Shaded","section":"Shading Mode"},"sceneLighting":true,"audioPlay":false,"sceneViewState":{"showFog":true,"showMaterialUpdate":false,"showSkybox":true,"showFlares":true,"showImageEffects":true,"showParticleSystems":true},"in2DMode":false,"pivot":{"x":-0.3004344701766968,"y":0.08564136177301407,"z":0.0019565224647521974},"rotation":{"x":0.6825808882713318,"y":0.09756527841091156,"z":-0.09271252900362015,"w":0.7183117866516113},"size":2.2889645099639894,"orthographic":true}