{"cameraMode":{"drawMode":0,"name":"Shaded","section":"Shading Mode"},"sceneLighting":true,"audioPlay":false,"sceneViewState":{"showFog":true,"showMaterialUpdate":false,"showSkybox":true,"showFlares":true,"showImageEffects":true,"showParticleSystems":true},"in2DMode":false,"pivot":{"x":-0.0614013671875,"y":0.057647705078125,"z":0.01361083984375},"rotation":{"x":0.37151646614074709,"y":-0.10825841128826142,"z":0.043666888028383258,"w":0.9210589528083801},"size":0.4748724699020386,"orthographic":true}